<?xml version="1.0" encoding="UTF-8"?>
<project-private xmlns="http://www.netbeans.org/ns/project-private/1">
    <editor-bookmarks xmlns="http://www.netbeans.org/ns/editor-bookmarks/2" lastBookmarkId="0"/>
    <open-files xmlns="http://www.netbeans.org/ns/projectui-open-files/2">
        <group>
            <file>file:/D:/Kuliahh/Fundamen%20Pengembangan%20Aplikasi/Koding/ESayur_tubes/src/model/Order.java</file>
            <file>file:/D:/Kuliahh/Fundamen%20Pengembangan%20Aplikasi/Koding/ESayur_tubes/src/controller/appController.java</file>
            <file>file:/D:/Kuliahh/Fundamen%20Pengembangan%20Aplikasi/Koding/ESayur_tubes/src/main/ESayur_tubes.java</file>
            <file>file:/D:/Kuliahh/Fundamen%20Pengembangan%20Aplikasi/Koding/ESayur_tubes/src/model/OrderList.java</file>
            <file>file:/D:/Kuliahh/Fundamen%20Pengembangan%20Aplikasi/Koding/ESayur_tubes/src/controller/ChartController.java</file>
            <file>file:/D:/Kuliahh/Fundamen%20Pengembangan%20Aplikasi/Koding/ESayur_tubes/src/model/OrderProperty.java</file>
        </group>
    </open-files>
</project-private>
