<?xml version="1.0" ?><model.Order-array><model.Order><name>Sari</name><address>Jl Beringin No 80 </address><noTelp>0987655678</noTelp><product>Bayam</product><piece>2</piece><totPayment>8000</totPayment><status>Telah dibayar</status></model.Order><model.Order><name>Jeni</name><address>Jl Tanjung Api No 05</address><noTelp>0887654567</noTelp><product>Kentang</product><piece>1</piece><totPayment>7500</totPayment><status>Belum dibayar</status></model.Order><model.Order><name>Adin</name><address>Jl Kenari No.09</address><noTelp>087654456789</noTelp><product>Cabe</product><piece>4</piece><totPayment>24000</totPayment><status>Belum dibayar</status></model.Order><model.Order><name>Fira</name><address>Jl Kapten Blok C No 80</address><noTelp>087654567876</noTelp><product>Kentang</product><piece>2</piece><totPayment>15000</totPayment><status>Belum dibayar</status></model.Order><model.Order><name>Arif</name><address>Jl Akasia No 07 A</address><noTelp>00987654345678</noTelp><product>Seledri</product><piece>4</piece><totPayment>16000</totPayment><status>Belum dibayar</status></model.Order><model.Order><name>Praz</name><address>Jl Veteran No 80</address><noTelp>98765456789</noTelp><product>Tomat</product><piece>6</piece><totPayment>60000</totPayment><status>Belum dibayar</status></model.Order></model.Order-array>